<?xml version="1.0" encoding="UTF-8"?>
<users>
    <element_types module="users" controller="" title="Логин">
        <permissions_modules id_owner="1" id_etype="parent" mode="view" allow="1">
        </permissions_modules>
        <permissions_modules id_owner="3" id_etype="parent" mode="view" allow="1">
        </permissions_modules>
        <permissions_modules id_owner="4" id_etype="parent" mode="view" allow="1">
        </permissions_modules>
    </element_types>
    <element_types module="users" controller="register" title="Регистрация">
        <permissions_modules id_owner="1" id_etype="parent" mode="view" allow="1">
        </permissions_modules>
        <permissions_modules id_owner="3" id_etype="parent" mode="edit" allow="1">
        </permissions_modules>
        <permissions_modules id_owner="3" id_etype="parent" mode="view" allow="1">
        </permissions_modules>
        <permissions_modules id_owner="4" id_etype="parent" mode="edit" allow="1">
        </permissions_modules>
        <permissions_modules id_owner="4" id_etype="parent" mode="view" allow="1">
        </permissions_modules>
        <object_types id_parent="4" id_element_type="parent" is_locked="0" is_guidable="0" is_public="1">
            <objects id_type="parent" is_locked="0" title="Страница регистрации">
                <elements id_type="?" id_obj="parent" id_lang="1" is_active="1" is_deleted="0" is_default="0" urlname="Регистрация">
                    <permissions_elements id_owner="2" id_element="parent" mode="view" allow="0"></permissions_elements>
                    <permissions_elements id_owner="2" id_element="parent" mode="edit" allow="0"></permissions_elements>
                    <permissions_elements id_owner="3" id_element="parent" mode="view" allow="1"></permissions_elements>
                    <permissions_elements id_owner="3" id_element="parent" mode="edit" allow="1"></permissions_elements>
                </elements>
            </objects>
            <field_groups name="common" id_obj_type="parent" is_active="1" is_locked="0" is_visible="1"	title="Редактирование содержимого страницы" ord="1">
                <fields_controller id_field="1"	id_group="parent" ord="1">
                </fields_controller>
                <fields_controller id_field="103" id_group="parent" ord="2">
                </fields_controller>
                <fields_controller id_field="104" id_group="parent" ord="3">
                </fields_controller>
                <fields_controller id_field="105" id_group="parent" ord="4">
                </fields_controller>
                <fields_controller id_field="102" id_group="parent" ord="5">
                </fields_controller>
            </field_groups>
            <field_groups name="menu"	id_obj_type="parent"	is_active="1" is_locked="0" is_visible="0" title="Настройки меню" ord="2">
                <fields_controller id_field="109" id_group="parent" ord="1">
                </fields_controller>
            </field_groups>
            <field_groups name="permissions" id_obj_type="parent" is_active="1" is_locked="1" is_visible="0" title="Настройки прав доступа" ord="3">
                <fields_controller id_field="128" id_group="parent" ord="1">
                </fields_controller>
            </field_groups>
        </object_types>
    </element_types>
    <element_types module="users" controller="profile" title="Профиль пользователя">
        <permissions_modules id_owner="1" id_etype="parent" mode="view" allow="1">
        </permissions_modules>
        <permissions_modules id_owner="3" id_etype="parent" mode="edit" allow="1">
        </permissions_modules>
        <permissions_modules id_owner="3" id_etype="parent" mode="view" allow="1">
        </permissions_modules>
        <permissions_modules id_owner="4" id_etype="parent" mode="edit" allow="1">
        </permissions_modules>
        <permissions_modules id_owner="4" id_etype="parent" mode="view" allow="1">
        </permissions_modules>
        <object_types id_parent="4" id_element_type="parent" is_locked="0" is_guidable="0" is_public="1">
            <objects id_type="parent" is_locked="0" title="Профиль пользователя">
                <elements id_type="?" id_obj="parent" id_lang="1" is_active="1" is_deleted="0" is_default="0" urlname="Профиль">
                    <permissions_elements id_owner="1" id_element="parent" mode="view" allow="0"></permissions_elements>
                    <permissions_elements id_owner="1" id_element="parent" mode="edit" allow="0"></permissions_elements>
                    <permissions_elements id_owner="2" id_element="parent" mode="view" allow="1"></permissions_elements>
                    <permissions_elements id_owner="2" id_element="parent" mode="edit" allow="1"></permissions_elements>
                    <permissions_elements id_owner="3" id_element="parent" mode="view" allow="1"></permissions_elements>
                    <permissions_elements id_owner="3" id_element="parent" mode="edit" allow="1"></permissions_elements>
                </elements>
            </objects>
            <field_groups id=""	name="common" id_obj_type="parent" is_active="1" is_locked="0"	is_visible="1"	title="Редактирование содержимого страницы" ord="1">
                <fields_controller id_field="1"	id_group="parent" ord="1">
                </fields_controller>
                <fields_controller id_field="120" id_group="parent" ord="2">
                </fields_controller>
            </field_groups>
            <field_groups name="common" id_obj_type="parent" is_active="1" is_locked="0" is_visible="1"	title="Редактирование содержимого страницы" ord="1">
                <fields_controller id_field="1"	id_group="parent" ord="1">
                </fields_controller>
                <fields_controller id_field="103" id_group="parent" ord="2">
                </fields_controller>
                <fields_controller id_field="104" id_group="parent" ord="3">
                </fields_controller>
                <fields_controller id_field="105" id_group="parent" ord="4">
                </fields_controller>
                <fields_controller id_field="102" id_group="parent" ord="5">
                </fields_controller>
            </field_groups>
            <field_groups name="menu"	id_obj_type="parent"	is_active="1" is_locked="0" is_visible="0" title="Настройки меню" ord="2">
                <fields_controller id_field="109" id_group="parent" ord="1">
                </fields_controller>
            </field_groups>
            <field_groups name="permissions" id_obj_type="parent" is_active="1" is_locked="1" is_visible="0" title="Настройки прав доступа" ord="3">
                <fields_controller id_field="128" id_group="parent" ord="1">
                </fields_controller>
            </field_groups>
        </object_types>
    </element_types>

</users>
